Timestamp,Event ID,Category,Description
2025-12-03 20:04:52,4726,Account change,User account deleted
2025-12-03 20:04:05,4724,Password reset,Account password reset event.
2025-12-03 20:04:04,4728,Account change,User added to security group
2025-12-03 20:04:03,4720,Account change,User account created
2025-12-03 20:03:12,4723,Password change,Account password change event.
2025-12-03 20:03:05,4672,Privilege escalation,Special privileges assigned to: S-1-5-21-2401135814-473904507-350754394-1001
2025-12-03 20:02:20,4663,Mass file activity,>100 file access events in 60s (count=3148)
2025-12-03 20:01:53,4697,Service installed,New service installed: TestSvc4697 -> C:\Windows\System32\notepad.exe
2025-12-03 20:01:12,4663,Mass file activity,>100 file access events in 60s (count=1422)
2025-12-03 19:59:42,4663,Mass file activity,>100 file access events in 60s (count=570)
2025-12-03 19:58:43,4688,Process (non-whitelisted),New process: auditpol.exe (parent: powershell.exe)
2025-12-03 19:58:05,4688,Process (non-whitelisted),New process: xmousebuttoncontrol.exe (parent: explorer.exe)
2025-12-03 19:58:05,4688,Process (non-whitelisted),New process: consent.exe (parent: svchost.exe)
2025-12-03 19:57:48,4688,Process (non-whitelisted),New process: powershell.exe (parent: python.exe)
2025-12-03 19:56:53,4726,Account change,User account deleted
2025-12-03 19:56:01,4724,Password reset,Account password reset event.
2025-12-03 19:56:00,4728,Account change,User added to security group
2025-12-03 19:55:59,4720,Account change,User account created
2025-12-03 19:54:28,4625,Failed logins,>5 failures in 5 minutes (count=6)
2025-12-03 19:54:15,4672,Privilege escalation,Special privileges assigned to: S-1-5-21-2401135814-473904507-350754394-1001
2025-12-03 19:52:59,1102,Security log,Security log was CLEARED — historical audit events were erased.
2025-12-03 19:43:37,4663,Mass file activity,>100 file access events in 60s (count=2643)
2025-12-03 19:41:05,4663,Mass file activity,>100 file access events in 60s (count=583)
2025-12-03 19:39:53,4663,Mass file activity,>100 file access events in 60s (count=635)
2025-12-03 19:38:48,4663,Mass file activity,>100 file access events in 60s (count=109)
2025-12-03 19:37:47,4688,Process (non-whitelisted),New process: auditpol.exe (parent: powershell.exe)
2025-12-03 19:37:47,4688,Process (non-whitelisted),New process: powershell.exe (parent: python.exe)
2025-12-03 19:37:15,4688,Process (non-whitelisted),New process: xmousebuttoncontrol.exe (parent: explorer.exe)
2025-12-03 19:37:15,4688,Process (non-whitelisted),New process: consent.exe (parent: svchost.exe)
2025-12-03 19:36:46,4688,Process (non-whitelisted),New process: powershell.exe (parent: python.exe)
2025-12-03 19:35:29,4726,Account change,User account deleted
2025-12-03 19:34:55,4724,Password reset,Account password reset event.
2025-12-03 19:34:54,4728,Account change,User added to security group
2025-12-03 19:34:53,4720,Account change,User account created
2025-12-03 19:33:23,4625,Failed logins,>5 failures in 5 minutes (count=6)
2025-12-03 19:33:18,4672,Privilege escalation,Special privileges assigned to: S-1-5-21-2401135814-473904507-350754394-1001
2025-12-03 19:31:50,1102,Security log,Security log was CLEARED — historical audit events were erased.
2025-12-03 19:26:53,4672,Privilege escalation,Special privileges assigned to: S-1-5-21-2401135814-473904507-350754394-1001
2025-12-03 19:25:54,1102,Security log,Security log was CLEARED — historical audit events were erased.
2025-12-03 17:56:50,4726,Account change,User account deleted
2025-12-03 17:56:19,4724,Password reset,Account password reset event.
2025-12-03 17:56:18,4720,Account change,User account created
2025-12-03 17:56:18,4728,Account change,User added to security group
2025-12-03 17:56:01,4663,Mass file activity,>100 file access events in 60s (count=4927)
2025-12-03 17:55:32,4672,Privilege escalation,Special privileges assigned to: S-1-5-21-2401135814-473904507-350754394-1001
2025-12-03 17:55:31,4723,Password change,Account password change event.
2025-12-03 17:54:59,4663,Mass file activity,>100 file access events in 60s (count=6973)
2025-12-03 17:54:45,4697,Service installed,New service installed: TestSvc4697 -> C:\Windows\System32\notepad.exe
2025-12-03 17:53:50,4663,Mass file activity,>100 file access events in 60s (count=1264)
2025-12-03 17:53:08,4688,Process (non-whitelisted),New process: auditpol.exe (parent: powershell.exe)
2025-12-03 17:52:55,4688,Process (non-whitelisted),New process: xmousebuttoncontrol.exe (parent: explorer.exe)
2025-12-03 17:52:55,4688,Process (non-whitelisted),New process: consent.exe (parent: svchost.exe)
2025-12-03 17:52:48,4688,Process (non-whitelisted),New process: powershell.exe (parent: python.exe)
2025-12-03 17:52:21,4726,Account change,User account deleted
2025-12-03 17:52:03,4728,Account change,User added to security group
2025-12-03 17:52:03,4724,Password reset,Account password reset event.
2025-12-03 17:52:02,4720,Account change,User account created
2025-12-03 17:51:29,4625,Failed logins,>5 failures in 5 minutes (count=6)
2025-12-03 17:51:24,4672,Privilege escalation,Special privileges assigned to: S-1-5-90-0-19
2025-12-03 17:51:05,4672,Privilege escalation,Special privileges assigned to: S-1-5-90-0-18
2025-12-03 17:50:58,4672,Privilege escalation,Special privileges assigned to: S-1-5-21-2401135814-473904507-350754394-1001
2025-12-03 17:50:40,4672,Privilege escalation,Special privileges assigned to: S-1-5-90-0-17
2025-12-03 17:50:15,1102,Security log,Security log was CLEARED — historical audit events were erased.
2025-12-03 17:22:09,4672,Privilege escalation,Special privileges assigned to: S-1-5-90-0-16
2025-12-03 17:22:06,4625,Failed logins,>=10 failures in 5 minutes (count=11)
2025-12-03 17:21:54,4672,Privilege escalation,Special privileges assigned to: S-1-5-90-0-15
2025-12-03 17:21:32,4625,Failed logins,>5 failures in 5 minutes (count=6)
2025-12-03 17:21:28,4672,Privilege escalation,Special privileges assigned to: S-1-5-90-0-14
2025-12-03 17:21:13,4672,Privilege escalation,Special privileges assigned to: S-1-5-21-2401135814-473904507-350754394-1001
2025-12-03 17:21:06,4672,Privilege escalation,Special privileges assigned to: S-1-5-90-0-13
2025-12-03 17:17:16,4688,Process (non-whitelisted),New process: auditpol.exe (parent: powershell.exe)
2025-12-03 17:17:05,4688,Process (non-whitelisted),New process: powershell.exe (parent: python.exe)
2025-12-03 17:16:37,4688,Process (non-whitelisted),New process: devicecheck.exe (parent: hpdcsetup.exe)
2025-12-03 17:16:37,4688,Process (non-whitelisted),New process: hpdcsetup.exe (parent: sysinfocap.exe)
2025-12-03 17:16:00,4688,Process (non-whitelisted),New process: powershell.exe (parent: python.exe)
2025-12-03 17:16:00,4688,Process (non-whitelisted),New process: securityhealthhost.exe (parent: svchost.exe)
2025-12-03 17:15:45,4688,Process (non-whitelisted),New process: smartscreen.exe (parent: svchost.exe)
2025-12-03 17:15:44,4672,Privilege escalation,Special privileges assigned to: S-1-5-90-0-12
2025-12-03 17:15:30,4688,Process (non-whitelisted),New process: atbroker.exe (parent: winlogon.exe)
2025-12-03 17:15:30,4688,Process (non-whitelisted),New process: secocl64.exe (parent: secomn64.exe)
2025-12-03 17:15:30,4688,Process (non-whitelisted),New process: hpsystemeventutilityhost.exe (parent: hpsystemeventutilitybackground.exe)
2025-12-03 17:15:30,4688,Process (non-whitelisted),New process: icctool.exe (parent: displaycontrolservice.exe)
2025-12-03 17:15:30,4688,Process (non-whitelisted),New process: ipf_helper.exe (parent: ipf_uf.exe)
2025-12-03 17:15:29,4672,Privilege escalation,Special privileges assigned to: S-1-5-21-2401135814-473904507-350754394-1001
2025-12-03 17:15:17,4688,Process (non-whitelisted),New process: tabtip.exe (parent: svchost.exe)
2025-12-03 17:15:17,4688,Process (non-whitelisted),New process: wmiprvse.exe (parent: svchost.exe)
2025-12-03 17:15:17,4688,Process (non-whitelisted),New process: logonui.exe (parent: winlogon.exe)
2025-12-03 17:15:17,4688,Process (non-whitelisted),New process: officec2rclient.exe (parent: svchost.exe)
2025-12-03 17:15:17,4688,Process (non-whitelisted),New process: mousocoreworker.exe (parent: svchost.exe)
2025-12-03 17:15:17,4688,Process (non-whitelisted),New process: dllhost.exe (parent: svchost.exe)
2025-12-03 17:15:16,4672,Privilege escalation,Special privileges assigned to: S-1-5-90-0-11
2025-12-03 17:15:10,4688,Process (non-whitelisted),New process: sppsvc.exe (parent: services.exe)
2025-12-03 17:15:03,4688,Process (non-whitelisted),New process: backgroundtaskhost.exe (parent: svchost.exe)
2025-12-03 17:15:03,4688,Process (non-whitelisted),New process: searchprotocolhost.exe (parent: searchindexer.exe)
2025-12-03 17:14:57,4688,Process (non-whitelisted),New process: powershell.exe (parent: python.exe)
2025-12-03 17:06:21,4726,Account change,User account deleted
2025-12-03 17:05:47,4663,Mass file activity,>100 file access events in 60s (count=114)
2025-12-03 17:05:45,4720,Account change,User account created
2025-12-03 17:05:40,4728,Account change,User added to security group
2025-12-03 17:05:40,4724,Password reset,Account password reset event.
2025-12-03 17:04:46,4663,Mass file activity,>100 file access events in 60s (count=115)
2025-12-03 17:03:35,4663,Mass file activity,>100 file access events in 60s (count=280)
2025-12-03 17:02:33,4663,Mass file activity,>100 file access events in 60s (count=111)
2025-12-03 16:59:39,4663,Mass file activity,>100 file access events in 60s (count=653)
2025-12-03 16:58:31,4663,Mass file activity,>100 file access events in 60s (count=1603)
2025-12-03 16:57:24,4663,Mass file activity,>100 file access events in 60s (count=294)
2025-12-03 16:56:23,4663,Mass file activity,>100 file access events in 60s (count=4800)
2025-12-03 16:55:19,4663,Mass file activity,>100 file access events in 60s (count=7200)
2025-12-03 16:54:09,4663,Mass file activity,>100 file access events in 60s (count=807)
2025-12-03 16:41:39,4688,Process (non-whitelisted),New process: auditpol.exe (parent: powershell.exe)
2025-12-03 16:41:31,4688,Process (non-whitelisted),New process: powershell.exe (parent: python.exe)
2025-12-03 16:41:01,4688,Process (non-whitelisted),New process: xmousebuttoncontrol.exe (parent: explorer.exe)
2025-12-03 16:41:01,4688,Process (non-whitelisted),New process: consent.exe (parent: svchost.exe)
2025-12-03 16:40:38,4688,Process (non-whitelisted),New process: sdxhelper.exe (parent: svchost.exe)
2025-12-03 16:40:31,4688,Process (non-whitelisted),New process: searchprotocolhost.exe (parent: searchindexer.exe)
2025-12-03 16:40:24,4688,Process (non-whitelisted),New process: powershell.exe (parent: python.exe)
2025-12-03 16:38:40,4672,Privilege escalation,Special privileges assigned to: S-1-5-21-2401135814-473904507-350754394-1001
2025-12-03 16:35:04,4726,Account change,User account deleted
2025-12-03 16:34:44,4728,Account change,User added to security group
2025-12-03 16:34:44,4724,Password reset,Account password reset event.
2025-12-03 16:34:43,4720,Account change,User account created
2025-12-03 16:34:22,4726,Account change,User account deleted
2025-12-03 16:33:46,4720,Account change,User account created
2025-12-03 16:33:41,4724,Password reset,Account password reset event.
2025-12-03 16:33:40,4728,Account change,User added to security group
2025-12-03 16:33:17,4726,Account change,User account deleted
2025-12-03 16:26:42,4728,Account change,User added to security group
2025-12-03 16:25:29,4672,Privilege escalation,Special privileges assigned to: S-1-5-90-0-10
2025-12-03 16:25:29,4672,Privilege escalation,Special privileges assigned to: S-1-5-21-2401135814-473904507-350754394-1001
2025-12-03 16:25:13,4672,Privilege escalation,Special privileges assigned to: S-1-5-90-0-9
2025-12-03 16:24:16,1102,Security log,Security log was CLEARED — historical audit events were erased.
2025-12-03 16:22:42,4726,Account change,User account deleted
2025-12-03 16:21:43,4724,Password reset,Account password reset event.
2025-12-03 16:21:42,4728,Account change,User added to security group
2025-12-03 16:21:41,4720,Account change,User account created
2025-12-03 16:20:34,4672,Privilege escalation,Special privileges assigned to: S-1-5-21-2401135814-473904507-350754394-1001
2025-12-03 16:20:33,4723,Password change,Account password change event.
2025-12-03 16:18:35,4697,Service installed,New service installed: TestSvc4697 -> C:\Windows\System32\notepad.exe
2025-12-03 16:15:11,4672,Privilege escalation,Special privileges assigned to: S-1-5-21-2401135814-473904507-350754394-1001
2025-12-03 15:41:36,4688,Process (non-whitelisted),New process: auditpol.exe (parent: powershell.exe)
2025-12-03 15:40:50,4688,Process (non-whitelisted),New process: powershell.exe (parent: python.exe)
2025-12-03 15:40:33,4726,Account change,User account deleted
2025-12-03 15:39:43,4724,Password reset,Account password reset event.
2025-12-03 15:39:42,4728,Account change,User added to security group
2025-12-03 15:38:26,4720,Account change,User account created
2025-12-03 15:32:33,4672,Privilege escalation,Special privileges assigned to: S-1-5-21-2401135814-473904507-350754394-1001
2025-12-03 15:03:52,4672,Privilege escalation,Special privileges assigned to: S-1-5-90-0-8
2025-12-03 15:03:29,4672,Privilege escalation,Special privileges assigned to: S-1-5-90-0-7
2025-12-03 15:03:20,4672,Privilege escalation,Special privileges assigned to: S-1-5-21-2401135814-473904507-350754394-1001
2025-12-03 15:03:04,4672,Privilege escalation,Special privileges assigned to: S-1-5-90-0-6
2025-12-03 14:55:00,4672,Privilege escalation,Special privileges assigned to: S-1-5-90-0-5
2025-12-03 14:54:44,4672,Privilege escalation,Special privileges assigned to: S-1-5-90-0-4
2025-12-03 14:54:20,4672,Privilege escalation,Special privileges assigned to: S-1-5-21-2401135814-473904507-350754394-1001
2025-12-03 14:54:11,4672,Privilege escalation,Special privileges assigned to: S-1-5-90-0-3
2025-12-03 14:25:39,4726,Account change,User account deleted
2025-12-03 14:25:25,4724,Password reset,Account password reset event.
2025-12-03 14:25:24,4720,Account change,User account created
2025-12-03 14:25:24,4728,Account change,User added to security group
2025-12-03 14:19:06,4726,Account change,User account deleted
2025-12-03 14:18:30,4724,Password reset,Account password reset event.
2025-12-03 14:18:30,4724,Password reset,Account password reset event.
2025-12-03 14:18:29,4728,Account change,User added to security group
2025-12-03 14:18:28,4720,Account change,User account created
2025-12-03 14:14:35,4672,Privilege escalation,Special privileges assigned to: S-1-5-21-2401135814-473904507-350754394-1001
2025-12-03 14:14:34,4723,Password change,Account password change event.
2025-12-03 14:14:04,4723,Password change,Account password change event.
2025-12-03 14:13:23,4672,Privilege escalation,Special privileges assigned to: S-1-5-21-2401135814-473904507-350754394-1001
2025-12-03 14:13:22,4723,Password change,Account password change event.
2025-12-03 14:07:06,4723,Password change,Account password change occurred.
2025-12-03 14:06:51,4672,Privilege escalation,Special privileges assigned to: S-1-5-21-2401135814-473904507-350754394-1001
2025-12-03 14:06:50,4723,Password change,Account password change occurred.
2025-12-03 14:01:41,4723,Password change,Account password change occurred.
2025-12-03 14:01:12,4672,Privilege escalation,Special privileges assigned to: S-1-5-21-2401135814-473904507-350754394-1001
2025-12-03 14:01:11,4723,Password change,Account password change occurred.
2025-12-03 13:59:15,4723,Password change,Account password change successful.
2025-12-03 13:57:55,4723,Password change,Account password change successful.
2025-12-03 13:57:49,4672,Privilege escalation,Special privileges assigned to: S-1-5-21-2401135814-473904507-350754394-1001
2025-12-03 13:57:13,4672,Privilege escalation,Special privileges assigned to: S-1-5-21-2401135814-473904507-350754394-1001
2025-12-03 13:56:53,4723,Password change,Account password change successful.
2025-12-03 13:55:43,4723,Password change,Account password change successful.
2025-12-03 13:55:06,4723,Password change,Account password change successful.
2025-12-03 13:54:44,4672,Privilege escalation,Special privileges assigned to: S-1-5-21-2401135814-473904507-350754394-1001
2025-12-03 13:54:43,4723,Password change,Account password change successful.
2025-12-03 13:54:12,4723,Password change,Account password change successful.
2025-12-03 13:51:54,4672,Privilege escalation,Special privileges assigned to: S-1-5-21-2401135814-473904507-350754394-1001
2025-12-03 13:51:53,4723,Password change,Account password change successful.
2025-12-03 13:42:30,4672,Privilege escalation,Special privileges assigned to: S-1-5-90-0-2
2025-12-03 13:41:43,4672,Privilege escalation,Special privileges assigned to: S-1-5-21-2401135814-473904507-350754394-1001
2025-12-03 13:41:42,4723,Password change/reset,Account password change (user-initiated)
2025-12-03 13:33:22,4723,Password change/reset,Account password change FAILED (status=unknown)
2025-12-03 13:32:54,4672,Privilege escalation,Special privileges assigned to: S-1-5-21-2401135814-473904507-350754394-1001
2025-12-03 13:32:53,4723,Password change/reset,Account password change FAILED (status=unknown)
2025-12-03 13:31:54,4672,Privilege escalation,Special privileges assigned to: S-1-5-21-2401135814-473904507-350754394-1001
2025-12-03 13:31:53,4723,Password change/reset,Account password change FAILED (status=unknown)
2025-12-03 13:06:51,4672,Privilege escalation,Special privileges assigned to: S-1-5-21-2401135814-473904507-350754394-1001
2025-12-03 13:06:50,4723,Password change/reset,Account password change attempt
2025-12-03 13:06:35,4723,Password change/reset,Account password change attempt
2025-12-03 13:06:04,4723,Password change/reset,Account password change attempt
2025-11-30 18:35:06,4688,Process (non-whitelisted),New process: powershell.exe (parent: python.exe)
2025-11-30 18:34:27,4688,Process (non-whitelisted),New process: searchfilterhost.exe (parent: searchindexer.exe)
2025-11-30 18:34:27,4688,Process (non-whitelisted),New process: audiodg.exe (parent: svchost.exe)
2025-11-30 18:34:00,4688,Process (non-whitelisted),New process: powershell.exe (parent: python.exe)
2025-11-30 18:33:46,4688,Process (non-whitelisted),New process: windowsterminal.exe (parent: svchost.exe)
2025-11-30 18:33:46,4688,Process (non-whitelisted),New process: openconsole.exe (parent: svchost.exe)
2025-11-30 18:33:46,4688,Process (non-whitelisted),New process: whoami.exe (parent: sihost.exe)
2025-11-30 18:33:46,4688,Process (non-whitelisted),New process: searchprotocolhost.exe (parent: searchindexer.exe)
2025-11-30 18:33:46,4688,Process (non-whitelisted),New process: dllhost.exe (parent: svchost.exe)
2025-11-30 18:32:59,4688,Process (non-whitelisted),New process: powershell.exe (parent: python.exe)
2025-11-30 18:09:24,4697,Service installed,New service installed: TestSvc4697 -> C:\Windows\System32\notepad.exe
2025-11-30 17:33:46,4697,Service installed,New service installed: TestSvc4697 -> C:\Windows\System32\notepad.exe
2025-11-30 17:33:05,4697,Service installed,New service installed: TestSvc4697 -> C:\Windows\System32\notepad.exe
2025-11-30 17:15:27,1102,Security log,Security log was CLEARED — historical audit events were erased.
2025-11-30 16:09:03,1102,Security log,Security log was CLEARED — historical audit events were erased.
2025-11-30 16:08:18,4672,Privilege escalation,Special privileges assigned to: S-1-5-21-2401135814-473904507-350754394-1001
2025-11-30 16:05:43,1102,Security log,Security log was CLEARED — historical audit events were erased.
2025-11-21 18:38:31,4663,Mass file activity,>100 file access events in 60s (count=3035)
2025-11-21 18:37:23,4663,Mass file activity,>100 file access events in 60s (count=608)
2025-11-21 18:31:27,4663,Mass file activity,>100 file access events in 60s (count=1134)
2025-11-21 18:30:19,4663,Mass file activity,>100 file access events in 60s (count=4074)
2025-11-21 18:29:07,4663,Mass file activity,>100 file access events in 60s (count=2683)
2025-11-21 18:27:51,4663,Mass file activity,>100 file access events in 60s (count=1600)
2025-11-21 18:26:48,4663,Mass file activity,>100 file access events in 60s (count=400)
2025-11-21 17:27:00,4625,Failed logins,>5 failures in 5 minutes (count=6)
2025-11-21 17:26:55,4672,Privilege escalation,Special privileges assigned to: S-1-5-21-2401135814-473904507-350754394-1001
2025-11-21 17:10:58,4672,Privilege escalation,Special privileges assigned to: S-1-5-21-2401135814-473904507-350754394-1001
2025-10-24 21:08:49,4663,Mass file activity,>100 file access events in 60s (count=614)
2025-10-24 21:07:43,4663,Mass file activity,>100 file access events in 60s (count=3745)
2025-10-24 21:06:32,4663,Mass file activity,>100 file access events in 60s (count=4908)
2025-10-24 21:05:27,4663,Mass file activity,>100 file access events in 60s (count=488)
2025-10-24 21:04:26,4688,Process (non-whitelisted),New process: auditpol.exe (parent: powershell.exe)
2025-10-24 21:03:42,4688,Process (non-whitelisted),New process: runtimebroker.exe (parent: svchost.exe)
2025-10-24 21:03:42,4688,Process (non-whitelisted),New process: calculatorapp.exe (parent: sihost.exe)
2025-10-24 21:02:32,4726,Account change,User account deleted
2025-10-24 21:01:56,4728,Account change,User added to security group
2025-10-24 21:01:55,4720,Account change,User account created
2025-10-24 20:59:45,4625,Failed logins,>5 failures in 5 minutes (count=6)
2025-10-24 20:59:33,4672,Privilege escalation,Special privileges assigned to: S-1-5-21-2401135814-473904507-350754394-1001
2025-10-24 20:38:11,4672,Privilege escalation,Special privileges assigned to: S-1-5-21-2401135814-473904507-350754394-1001
2025-10-24 19:57:32,4672,Privilege escalation,Special privileges assigned to: S-1-5-21-2401135814-473904507-350754394-1001
2025-10-24 19:57:30,4625,Failed logins,>5 failures in 5 minutes (count=6)
2025-10-24 19:54:39,4672,Privilege escalation,Special privileges assigned to: S-1-5-21-2401135814-473904507-350754394-1001
2025-10-24 19:44:04,4663,Mass file activity,>100 file access events in 60s (count=1228)
2025-10-24 19:43:03,4663,Mass file activity,>100 file access events in 60s (count=4359)
2025-10-24 19:41:50,4663,Mass file activity,>100 file access events in 60s (count=4294)
2025-10-24 19:40:40,4663,Mass file activity,>100 file access events in 60s (count=488)
2025-10-24 19:39:43,4688,Process (non-whitelisted),New process: auditpol.exe (parent: powershell.exe)
2025-10-24 19:39:26,4688,Process (non-whitelisted),New process: hp-plugin-executor.exe (parent: hp-one-agent-service.exe)
2025-10-24 19:39:08,4688,Process (non-whitelisted),New process: backgroundtaskhost.exe (parent: svchost.exe)
2025-10-24 19:39:03,4688,Process (non-whitelisted),New process: runtimebroker.exe (parent: svchost.exe)
2025-10-24 19:39:03,4688,Process (non-whitelisted),New process: calculatorapp.exe (parent: sihost.exe)
2025-10-24 19:38:46,4688,Process (non-whitelisted),New process: sdbinst.exe (parent: svchost.exe)
2025-10-24 19:37:32,4726,Account change,User account deleted
2025-10-24 19:36:52,4728,Account change,User added to security group
2025-10-24 19:36:51,4720,Account change,User account created
2025-10-24 19:35:17,4625,Failed logins,>5 failures in 5 minutes (count=6)
2025-10-24 19:34:44,4672,Privilege escalation,Special privileges assigned to: S-1-5-21-2401135814-473904507-350754394-1001
2025-10-23 21:06:12,4672,Privilege escalation,Special privileges assigned to: S-1-5-21-2401135814-473904507-350754394-1001
2025-10-23 20:34:59,4663,Mass file activity,>100 file access events in 60s (count=606)
2025-10-23 20:33:57,4663,Mass file activity,>100 file access events in 60s (count=6648)
2025-10-23 20:32:49,4663,Mass file activity,>100 file access events in 60s (count=5844)
2025-10-23 20:31:49,4663,Mass file activity,>100 file access events in 60s (count=454)
2025-10-23 20:30:28,4688,Process (non-whitelisted),New process: auditpol.exe (parent: powershell.exe)
2025-10-23 20:30:06,4688,Process (non-whitelisted),New process: runtimebroker.exe (parent: svchost.exe)
2025-10-23 20:30:06,4688,Process (non-whitelisted),New process: calculatorapp.exe (parent: sihost.exe)
2025-10-23 20:29:56,4688,Process (non-whitelisted),New process: searchprotocolhost.exe (parent: searchindexer.exe)
2025-10-23 20:29:51,4688,Process (non-whitelisted),New process: rundll32.exe (parent: svchost.exe)
2025-10-23 20:29:51,4688,Process (non-whitelisted),New process: dllhost.exe (parent: svchost.exe)
2025-10-23 20:29:51,4688,Process (non-whitelisted),New process: backgroundtaskhost.exe (parent: svchost.exe)
2025-10-23 20:27:33,4726,Account change,User account deleted
2025-10-23 20:24:52,4720,Account change,User account created
2025-10-23 20:24:52,4728,Account change,User added to security group
2025-10-23 20:22:31,4625,Failed logins,>5 failures in 5 minutes (count=6)
2025-10-23 20:21:39,4672,Privilege escalation,Special privileges assigned to: S-1-5-21-2401135814-473904507-350754394-1001
2025-10-23 17:37:15,4663,Mass file activity,>100 file access events in 60s (count=3735)
2025-10-23 17:36:10,4663,Mass file activity,>100 file access events in 60s (count=4550)
2025-10-23 17:34:54,4663,Mass file activity,>100 file access events in 60s (count=289)
2025-10-23 17:27:19,4663,Mass file activity,>100 file access events in 60s (count=5117)
2025-10-23 17:26:18,4663,Mass file activity,>100 file access events in 60s (count=7182)
2025-10-23 17:25:11,4663,Mass file activity,>100 file access events in 60s (count=413)
2025-10-23 17:24:21,4663,Mass file activity,>100 file access events in 60s (count=7274)
2025-10-23 17:23:12,4663,Mass file activity,>100 file access events in 60s (count=2079)
2025-10-23 17:22:10,4663,Mass file activity,>100 file access events in 60s (count=970)
2025-10-23 17:21:07,4663,Mass file activity,>100 file access events in 60s (count=1556)
2025-10-23 17:20:03,4663,Mass file activity,>100 file access events in 60s (count=3558)
2025-10-23 17:19:00,4663,Mass file activity,>100 file access events in 60s (count=3031)
2025-10-23 17:16:44,4663,Mass file activity,>100 file access events in 60s (count=111)
2025-10-23 17:15:35,4663,Mass file activity,>100 file access events in 60s (count=2035)
2025-10-23 17:14:31,4663,Mass file activity,>100 file access events in 60s (count=2000)
2025-10-23 17:13:07,4663,Mass file activity,>100 file access events in 60s (count=1400)
2025-10-23 17:11:14,4663,Mass file activity,>100 file access events in 60s (count=297)
2025-10-23 16:34:04,4688,Process (non-whitelisted),New process: auditpol.exe (parent: powershell.exe)
2025-10-23 16:32:23,4688,Process (non-whitelisted),New process: sdxhelper.exe (parent: svchost.exe)
2025-10-23 16:32:01,4688,Process (non-whitelisted),New process: onedrivestandaloneupdater.exe (parent: svchost.exe)
2025-10-23 16:31:03,4688,Process (non-whitelisted),New process: taskhostw.exe (parent: svchost.exe)
2025-10-23 16:30:30,4688,Process (non-whitelisted),New process: etd_getsmart.exe (parent: touchpointanalyticsclientservice.exe)
2025-10-23 16:29:54,4688,Process (non-whitelisted),New process: hp-plugin-executor.exe (parent: hp-one-agent-service.exe)
2025-10-23 16:29:45,4688,Process (non-whitelisted),New process: get-graphics-offsets32.exe (parent: obs64.exe)
2025-10-23 16:29:45,4688,Process (non-whitelisted),New process: get-graphics-offsets64.exe (parent: obs64.exe)
2025-10-23 16:29:45,4688,Process (non-whitelisted),New process: obs-qsv-test.exe (parent: obs64.exe)
2025-10-23 16:29:45,4688,Process (non-whitelisted),New process: obs64.exe (parent: explorer.exe)
2025-10-23 16:29:14,4688,Process (non-whitelisted),New process: calculatorapp.exe (parent: sihost.exe)
2025-10-23 16:28:29,4688,Process (non-whitelisted),New process: searchfilterhost.exe (parent: searchindexer.exe)
2025-10-23 16:28:29,4688,Process (non-whitelisted),New process: searchprotocolhost.exe (parent: searchindexer.exe)
2025-10-23 16:28:29,4688,Process (non-whitelisted),New process: taskkill.exe (parent: hpseu.ui.wpf.exe)
2025-10-23 16:28:29,4688,Process (non-whitelisted),New process: hpseu.ui.wpf.exe (parent: sihost.exe)
2025-10-23 16:28:29,4688,Process (non-whitelisted),New process: identity_helper.exe (parent: msedge.exe)
2025-10-23 16:28:29,4688,Process (non-whitelisted),New process: elevation_service.exe (parent: services.exe)
2025-10-23 16:28:29,4688,Process (non-whitelisted),New process: backgroundtaskhost.exe (parent: svchost.exe)
2025-10-23 16:28:29,4688,Process (non-whitelisted),New process: comppkgsrv.exe (parent: svchost.exe)
2025-10-23 16:28:29,4688,Process (non-whitelisted),New process: msedgewebview2.exe (parent: msedgewebview2.exe)
2025-10-23 16:28:29,4688,Process (non-whitelisted),New process: dllhost.exe (parent: svchost.exe)
2025-10-23 16:28:29,4688,Process (non-whitelisted),New process: windowspackagemanagerserver.exe (parent: svchost.exe)
2025-10-23 16:28:29,4688,Process (non-whitelisted),New process: storedesktopextension.exe (parent: sihost.exe)
2025-10-23 16:28:29,4688,Process (non-whitelisted),New process: winstore.app.exe (parent: svchost.exe)
2025-10-23 16:28:29,4688,Process (non-whitelisted),New process: windowsterminal.exe (parent: svchost.exe)
2025-10-23 16:28:29,4688,Process (non-whitelisted),New process: openconsole.exe (parent: svchost.exe)
2025-10-23 16:28:29,4688,Process (non-whitelisted),New process: appinstallerpythonredirector.exe (parent: sihost.exe)
2025-10-23 16:28:29,4688,Process (non-whitelisted),New process: audiodg.exe (parent: svchost.exe)
2025-10-23 16:28:29,4688,Process (non-whitelisted),New process: get-graphics-offsets32.exe (parent: obs64.exe)
2025-10-23 16:28:29,4688,Process (non-whitelisted),New process: get-graphics-offsets64.exe (parent: obs64.exe)
2025-10-23 16:28:29,4688,Process (non-whitelisted),New process: obs-qsv-test.exe (parent: obs64.exe)
2025-10-23 16:28:29,4688,Process (non-whitelisted),New process: obs64.exe (parent: explorer.exe)
2025-10-23 16:28:29,4688,Process (non-whitelisted),New process: smartscreen.exe (parent: svchost.exe)
2025-10-23 16:28:29,4688,Process (non-whitelisted),New process: runtimebroker.exe (parent: svchost.exe)
2025-10-23 16:28:29,4688,Process (non-whitelisted),New process: calculatorapp.exe (parent: sihost.exe)
2025-10-23 16:28:29,4688,Process (non-whitelisted),New process: wmiprvse.exe (parent: svchost.exe)
2025-10-23 16:28:29,4688,Process (non-whitelisted),New process: hp-plugin-executor.exe (parent: hp-one-agent-service.exe)
2025-10-23 16:22:55,4688,Process (non-whitelisted),New process: backgroundtaskhost.exe (parent: svchost.exe)
2025-10-23 16:21:20,4688,Process (non-whitelisted),New process: updater.exe (parent: updater.exe)
2025-10-23 16:21:05,4688,Process (non-whitelisted),New process: taskhostw.exe (parent: svchost.exe)
2025-10-23 16:19:55,4688,Process (non-whitelisted),New process: hp-plugin-executor.exe (parent: hp-one-agent-service.exe)
2025-10-23 16:18:24,4688,Process (non-whitelisted),New process: devicecheck.exe (parent: hpdcsetup.exe)
2025-10-23 16:18:24,4688,Process (non-whitelisted),New process: hpdcsetup.exe (parent: sysinfocap.exe)
2025-10-23 16:18:24,4688,Process (non-whitelisted),New process: dllhost.exe (parent: svchost.exe)
2025-10-23 16:18:12,4688,Process (non-whitelisted),New process: ngen.exe (parent: msiexec.exe)
2025-10-23 16:18:12,4688,Process (non-whitelisted),New process: windowspackagemanagerserver.exe (parent: svchost.exe)
2025-10-23 16:18:06,4688,Process (non-whitelisted),New process: msiexec.exe (parent: msiexec.exe)
2025-10-23 16:17:59,4688,Process (non-whitelisted),New process: wevtutil.exe (parent: integrator.exe)
2025-10-23 16:17:34,4688,Process (non-whitelisted),New process: securityhealthhost.exe (parent: svchost.exe)
2025-10-23 16:17:27,4688,Process (non-whitelisted),New process: searchprotocolhost.exe (parent: searchindexer.exe)
2025-10-23 16:17:27,4688,Process (non-whitelisted),New process: searchindexer.exe (parent: services.exe)
2025-10-23 16:17:27,4688,Process (non-whitelisted),New process: runtimebroker.exe (parent: svchost.exe)
2025-10-23 16:17:27,4688,Process (non-whitelisted),New process: hpsystemeventutilityhost.exe (parent: hpsystemeventutilitybackground.exe)
2025-10-23 16:17:27,4688,Process (non-whitelisted),New process: icctool.exe (parent: displaycontrolservice.exe)
2025-10-23 16:17:27,4688,Process (non-whitelisted),New process: taskhostw.exe (parent: svchost.exe)
2025-10-23 16:17:27,4688,Process (non-whitelisted),New process: ctfmon.exe (parent: svchost.exe)
2025-10-23 16:17:27,4688,Process (non-whitelisted),New process: tabtip.exe (parent: svchost.exe)
2025-10-23 16:17:27,4688,Process (non-whitelisted),New process: backgroundtaskhost.exe (parent: svchost.exe)
2025-10-23 16:17:25,4672,Privilege escalation,Special privileges assigned to: S-1-5-21-2401135814-473904507-350754394-1001
2025-10-23 16:17:21,4688,Process (non-whitelisted),New process: schtasks.exe (parent: integrator.exe)
2025-10-23 16:17:21,4688,Process (non-whitelisted),New process: rundll32.exe (parent: svchost.exe)
2025-10-23 16:17:09,4688,Process (non-whitelisted),New process: windowspackagemanagerserver.exe (parent: svchost.exe)
2025-10-23 16:17:09,4688,Process (non-whitelisted),New process: integrator.exe (parent: officeclicktorun.exe)
2025-10-23 16:17:09,4688,Process (non-whitelisted),New process: searchfilterhost.exe (parent: searchindexer.exe)
2025-10-23 16:17:09,4688,Process (non-whitelisted),New process: dllhost.exe (parent: svchost.exe)
2025-10-23 16:17:09,4688,Process (non-whitelisted),New process: appvshnotify.exe (parent: officeclicktorun.exe)
2025-10-23 16:16:45,4688,Process (non-whitelisted),New process: smartscreen.exe (parent: svchost.exe)
2025-10-23 16:16:36,4688,Process (non-whitelisted),New process: perfboost.exe (parent: officeclicktorun.exe)
2025-10-23 16:16:36,4688,Process (non-whitelisted),New process: mpcmdrun.exe (parent: svchost.exe)
2025-10-23 16:16:36,4688,Process (non-whitelisted),New process: officec2rclient.exe (parent: mousocoreworker.exe)
2025-10-23 16:16:30,4688,Process (non-whitelisted),New process: sppsvc.exe (parent: services.exe)
2025-10-23 16:16:23,4688,Process (non-whitelisted),New process: taskhostw.exe (parent: svchost.exe)
2025-10-23 16:16:23,4688,Process (non-whitelisted),New process: runtimebroker.exe (parent: svchost.exe)
2025-10-23 16:16:23,4688,Process (non-whitelisted),New process: backgroundtaskhost.exe (parent: svchost.exe)
2025-10-23 16:16:17,4688,Process (non-whitelisted),New process: officeclicktorun.exe (parent: officeclicktorun.exe)
2025-10-23 16:15:58,4688,Process (non-whitelisted),New process: sdxhelper.exe (parent: svchost.exe)
2025-10-23 16:14:27,4688,Process (non-whitelisted),New process: hp-plugin-executor.exe (parent: hp-one-agent-service.exe)
2025-10-23 16:14:21,4688,Process (non-whitelisted),New process: officeclicktorun.exe (parent: officeclicktorun.exe)
2025-10-23 16:14:08,4688,Process (non-whitelisted),New process: wmiprvse.exe (parent: svchost.exe)
2025-10-23 16:14:08,4688,Process (non-whitelisted),New process: dllhost.exe (parent: svchost.exe)
2025-10-23 16:13:56,4688,Process (non-whitelisted),New process: sppsvc.exe (parent: services.exe)
2025-10-23 16:13:56,4688,Process (non-whitelisted),New process: runtimebroker.exe (parent: svchost.exe)
2025-10-23 16:13:56,4688,Process (non-whitelisted),New process: backgroundtaskhost.exe (parent: svchost.exe)
2025-10-23 16:13:56,4688,Process (non-whitelisted),New process: schtasks.exe (parent: officeclicktorun.exe)
2025-10-23 16:13:56,4688,Process (non-whitelisted),New process: officec2rclient.exe (parent: svchost.exe)
2025-10-23 16:13:56,4688,Process (non-whitelisted),New process: mousocoreworker.exe (parent: svchost.exe)
2025-10-23 16:12:41,4688,Process (non-whitelisted),New process: backgroundtaskhost.exe (parent: svchost.exe)
2025-10-23 16:12:41,4688,Process (non-whitelisted),New process: onedriveactionhelper.exe (parent: onedrive.exe)
2025-10-23 16:12:41,4688,Process (non-whitelisted),New process: runtimebroker.exe (parent: svchost.exe)
2025-10-23 16:12:41,4688,Process (non-whitelisted),New process: taskhostw.exe (parent: svchost.exe)
2025-10-23 16:12:35,4688,Process (non-whitelisted),New process: logonui.exe (parent: winlogon.exe)
2025-10-23 16:11:47,4688,Process (non-whitelisted),New process: tiworker.exe (parent: svchost.exe)
2025-10-23 16:11:47,4688,Process (non-whitelisted),New process: trustedinstaller.exe (parent: services.exe)
2025-10-23 16:11:42,4688,Process (non-whitelisted),New process: searchprotocolhost.exe (parent: searchindexer.exe)
2025-10-23 16:11:36,4688,Process (non-whitelisted),New process: runtimebroker.exe (parent: svchost.exe)
2025-10-23 16:11:36,4688,Process (non-whitelisted),New process: schtasks.exe (parent: officeclicktorun.exe)
2025-10-23 16:11:36,4688,Process (non-whitelisted),New process: backgroundtaskhost.exe (parent: svchost.exe)
2025-10-23 16:11:36,4688,Process (non-whitelisted),New process: dismhost.exe (parent: cleanmgr.exe)
2025-10-23 16:11:36,4688,Process (non-whitelisted),New process: cleanmgr.exe (parent: svchost.exe)
2025-10-23 16:11:36,4688,Process (non-whitelisted),New process: officec2rclient.exe (parent: svchost.exe)
2025-10-23 16:11:36,4688,Process (non-whitelisted),New process: mousocoreworker.exe (parent: svchost.exe)
2025-10-23 16:08:11,4688,Process (non-whitelisted),New process: searchfilterhost.exe (parent: searchindexer.exe)
2025-10-23 16:08:11,4688,Process (non-whitelisted),New process: searchprotocolhost.exe (parent: searchindexer.exe)
2025-10-23 16:05:50,4688,Process (non-whitelisted),New process: audiodg.exe (parent: svchost.exe)
2025-10-23 16:05:50,4688,Process (non-whitelisted),New process: searchfilterhost.exe (parent: searchindexer.exe)
2025-10-23 16:05:49,4688,Process (non-whitelisted),New process: dllhost.exe (parent: svchost.exe)
2025-10-23 16:04:52,4688,Process (non-whitelisted),New process: searchprotocolhost.exe (parent: searchindexer.exe)
2025-10-23 16:04:47,4688,Process (non-whitelisted),New process: runtimebroker.exe (parent: svchost.exe)
2025-10-23 16:04:47,4688,Process (non-whitelisted),New process: backgroundtaskhost.exe (parent: svchost.exe)
2025-10-23 16:04:47,4688,Process (non-whitelisted),New process: hxtsr.exe (parent: svchost.exe)
2025-10-23 16:04:47,4688,Process (non-whitelisted),New process: storedesktopextension.exe (parent: svchost.exe)
2025-10-23 16:04:47,4688,Process (non-whitelisted),New process: ms-teamsupdate.exe (parent: svchost.exe)
2025-10-23 16:00:55,4672,Privilege escalation,Special privileges assigned to: S-1-5-21-2401135814-473904507-350754394-1001
2025-10-23 15:17:04,4672,Privilege escalation,Special privileges assigned to: S-1-5-21-2401135814-473904507-350754394-1001
2025-10-23 13:58:31,4672,Privilege escalation,Special privileges assigned to: S-1-5-21-2401135814-473904507-350754394-1001
2025-10-23 13:57:47,4672,Privilege escalation,Special privileges assigned to: S-1-5-90-0-2
2025-10-23 13:47:49,4672,Privilege escalation,Special privileges assigned to: S-1-5-21-2401135814-473904507-350754394-1001
2025-10-23 13:33:32,4672,Privilege escalation,Special privileges assigned to: S-1-5-21-2401135814-473904507-350754394-1001
2025-10-23 13:21:37,4726,Account change,User account deleted
2025-10-23 13:01:03,4728,Account change,User added to security group
2025-10-23 13:01:01,4720,Account change,User account created
2025-10-23 12:55:05,4625,Failed logins,>=20 failures in 5 minutes (count=23)
2025-10-23 12:54:38,4672,Privilege escalation,Special privileges assigned to: S-1-5-21-2401135814-473904507-350754394-1001
2025-10-23 12:53:48,4625,Failed logins,>=10 failures in 5 minutes (count=11)
2025-10-23 12:53:27,4625,Failed logins,>5 failures in 5 minutes (count=8)
2025-10-23 12:53:21,4672,Privilege escalation,Special privileges assigned to: S-1-5-21-2401135814-473904507-350754394-1001
2025-10-23 12:49:04,4672,Privilege escalation,Special privileges assigned to: S-1-5-21-2401135814-473904507-350754394-1001
2025-10-23 12:47:30,4672,Privilege escalation,Special privileges assigned to: S-1-5-21-2401135814-473904507-350754394-1001
2025-10-23 12:47:09,4625,Failed logins,>5 failures in 5 minutes (count=6)
2025-10-23 12:46:19,4672,Privilege escalation,Special privileges assigned to: S-1-5-21-2401135814-473904507-350754394-1001
2025-10-23 12:40:08,4625,Failed logins,>=10 failures in 5 minutes (count=12)
2025-10-23 12:39:40,4672,Privilege escalation,Special privileges assigned to: S-1-5-21-2401135814-473904507-350754394-1001
2025-10-23 12:39:40,4672,Privilege escalation,Special privileges assigned to: S-1-5-90-0-6
2025-10-23 12:39:40,4672,Privilege escalation,Special privileges assigned to: S-1-5-90-0-5
2025-10-23 12:34:14,4625,Failed logins,>=10 failures in 5 minutes (count=10)
2025-10-23 12:33:50,4625,Failed logins,>5 failures in 5 minutes (count=6)
2025-10-23 12:32:54,4625,Failed logins,>5 failures in 5 minutes (count=6)
2025-10-23 12:32:19,4672,Privilege escalation,Special privileges assigned to: S-1-5-21-2401135814-473904507-350754394-1001
2025-10-23 12:29:57,4625,Failed logins,>5 failures in 5 minutes (count=6)
2025-10-23 12:27:53,4672,Privilege escalation,Special privileges assigned to: S-1-5-21-2401135814-473904507-350754394-1001
2025-10-23 12:07:21,4663,Mass file activity,>100 file access events in 60s (count=1821)
2025-10-23 12:06:19,4663,Mass file activity,>100 file access events in 60s (count=5463)
2025-10-23 12:05:17,4663,Mass file activity,>100 file access events in 60s (count=3642)
2025-10-23 12:04:15,4663,Mass file activity,>100 file access events in 60s (count=6000)
2025-10-23 12:03:14,4663,Mass file activity,>100 file access events in 60s (count=9600)
2025-10-23 12:02:13,4663,Mass file activity,>100 file access events in 60s (count=1800)
2025-10-23 12:00:27,4663,Mass file activity,>100 file access events in 60s (count=608)
2025-10-23 11:55:26,4663,Mass file activity,>100 file access events in 60s (count=2821)
2025-10-23 11:54:25,4663,Mass file activity,>100 file access events in 60s (count=4836)
2025-10-23 11:53:24,4663,Mass file activity,>100 file access events in 60s (count=1917)
2025-10-23 11:52:20,4663,Mass file activity,>100 file access events in 60s (count=4000)
2025-10-23 11:51:18,4663,Mass file activity,>100 file access events in 60s (count=4400)
2025-10-23 11:50:14,4663,Mass file activity,>100 file access events in 60s (count=400)
2025-10-23 11:23:10,4726,Account change,User account deleted
2025-10-23 11:23:05,4728,Account change,User added to security group
2025-10-23 11:23:04,4720,Account change,User account created
2025-10-23 11:15:05,4672,Privilege escalation,Special privileges assigned to: S-1-5-21-2401135814-473904507-350754394-1001
2025-10-23 10:34:50,4672,Privilege escalation,Special privileges assigned to: S-1-5-21-2401135814-473904507-350754394-1001
2025-10-23 10:11:06,4625,Failed logins,>5 failures in 5 minutes (count=8)
2025-10-23 10:11:05,4625,Failed logins,>5 failures in 5 minutes (count=8)
2025-10-23 10:10:51,4672,Privilege escalation,Special privileges assigned to: S-1-5-21-2401135814-473904507-350754394-1001
2025-10-23 10:10:49,4672,Privilege escalation,Special privileges assigned to: S-1-5-21-2401135814-473904507-350754394-1001
2025-10-23 09:59:17,4672,Privilege escalation,Special privileges assigned to: S-1-5-21-2401135814-473904507-350754394-1001
2025-10-23 09:59:17,4672,Privilege escalation,Special privileges assigned to: S-1-5-21-2401135814-473904507-350754394-1001
2025-10-23 09:53:59,4625,Failed logins,>5 failures in 5 minutes (count=6)
2025-10-23 09:53:58,4625,Failed logins,>5 failures in 5 minutes (count=6)
2025-10-23 09:53:55,4672,Privilege escalation,Special privileges assigned to: S-1-5-90-0-4
2025-10-23 09:53:55,4672,Privilege escalation,Special privileges assigned to: S-1-5-90-0-4
2025-10-23 09:53:45,4672,Privilege escalation,Special privileges assigned to: S-1-5-21-2401135814-473904507-350754394-1001
2025-10-23 09:53:44,4672,Privilege escalation,Special privileges assigned to: S-1-5-21-2401135814-473904507-350754394-1001
2025-10-23 09:53:24,4672,Privilege escalation,Special privileges assigned to: S-1-5-90-0-3
2025-10-23 09:53:23,4672,Privilege escalation,Special privileges assigned to: S-1-5-90-0-3
2025-10-23 09:51:36,4672,Privilege escalation,Special privileges assigned to: S-1-5-21-2401135814-473904507-350754394-1001
2025-10-23 09:51:34,4672,Privilege escalation,Special privileges assigned to: S-1-5-21-2401135814-473904507-350754394-1001
2025-10-23 09:51:21,4672,Privilege escalation,Special privileges assigned to: S-1-5-90-0-2
2025-10-23 09:51:17,4672,Privilege escalation,Special privileges assigned to: S-1-5-90-0-2
2025-10-23 09:42:42,4726,Account change,User account deleted
2025-10-23 09:42:32,4728,Account change,User added to security group
2025-10-23 09:42:31,4720,Account change,User account created
2025-10-23 09:33:57,4726,Account change,User account deleted
2025-10-23 09:33:57,4726,Account change,User account deleted
2025-10-23 09:33:18,4728,Account change,Group membership modified
2025-10-23 09:33:18,4728,Account change,Group membership modified
2025-10-23 09:33:17,4720,Account change,User account created
2025-10-23 09:33:17,4720,Account change,User account created
2025-10-18 23:17:14,4728,Account change,Group membership modified
2025-10-18 23:17:12,4720,Account change,User account created
2025-10-18 23:07:22,4728,Account change,Group membership modified
2025-10-18 23:07:20,4720,Account change,User account created
2025-10-18 23:02:50,4625,Failed logins,>=20 failures in 5 minutes (count=20)
2025-10-18 23:02:19,4672,Privilege escalation,Special privileges assigned to: S-1-5-21-2401135814-473904507-350754394-1001
2025-10-18 23:00:28,4625,Failed logins,>=10 failures in 5 minutes (count=12)
2025-10-18 23:00:21,4672,Privilege escalation,Special privileges assigned to: S-1-5-21-2401135814-473904507-350754394-1001
2025-10-18 22:58:01,4625,Failed logins,>5 failures in 5 minutes (count=8)
2025-10-18 22:55:07,4672,Privilege escalation,Special privileges assigned to: S-1-5-21-2401135814-473904507-350754394-1001
2025-10-18 22:49:14,4672,Privilege escalation,Special privileges assigned to: S-1-5-21-2401135814-473904507-350754394-1001
2025-10-18 22:48:45,4625,Failed logins,>=10 failures in 5 minutes (count=12)
2025-10-18 22:48:38,4672,Privilege escalation,Special privileges assigned to: S-1-5-90-0-6
2025-10-18 22:48:20,4625,Failed logins,>5 failures in 5 minutes (count=8)
2025-10-18 22:48:13,4672,Privilege escalation,Special privileges assigned to: S-1-5-90-0-5
2025-10-18 22:47:49,4672,Privilege escalation,Special privileges assigned to: S-1-5-21-2401135814-473904507-350754394-1001
2025-10-18 22:46:30,4672,Privilege escalation,Special privileges assigned to: S-1-5-90-0-4
2025-10-18 22:32:16,4672,Privilege escalation,Special privileges assigned to: S-1-5-18
2025-10-18 22:30:53,4672,Privilege escalation,Special privileges assigned to: S-1-5-18
2025-10-18 22:22:00,4672,Privilege escalation,Special privileges assigned to: S-1-5-18
2025-10-18 22:20:48,4672,Privilege escalation,Special privileges assigned to: S-1-5-18
2025-10-18 22:19:38,4672,Privilege escalation,Special privileges assigned to: S-1-5-18
2025-10-18 22:19:38,4672,Privilege escalation,Special privileges assigned to: S-1-5-21-2401135814-473904507-350754394-1001
2025-10-18 22:18:28,4672,Privilege escalation,Special privileges assigned to: S-1-5-18
2025-10-18 22:18:28,4672,Privilege escalation,Special privileges assigned to: S-1-5-21-2401135814-473904507-350754394-1001
2025-10-18 22:18:28,4672,Privilege escalation,Special privileges assigned to: S-1-5-90-0-3
2025-10-18 22:18:28,4672,Privilege escalation,Special privileges assigned to: S-1-5-90-0-2
2025-10-18 22:17:16,4672,Privilege escalation,Special privileges assigned to: S-1-5-18
2025-10-18 22:17:16,4672,Privilege escalation,Special privileges assigned to: S-1-5-21-2401135814-473904507-350754394-1001
2025-10-18 22:17:16,4672,Privilege escalation,Special privileges assigned to: S-1-5-90-0-3
2025-10-18 22:17:16,4672,Privilege escalation,Special privileges assigned to: S-1-5-90-0-2
2025-10-18 22:16:04,4672,Privilege escalation,Special privileges assigned to: S-1-5-18
2025-10-18 22:16:04,4672,Privilege escalation,Special privileges assigned to: S-1-5-21-2401135814-473904507-350754394-1001
2025-10-18 22:16:04,4672,Privilege escalation,Special privileges assigned to: S-1-5-90-0-3
2025-10-18 22:16:04,4672,Privilege escalation,Special privileges assigned to: S-1-5-90-0-2
2025-10-18 22:14:52,4672,Privilege escalation,Special privileges assigned to: S-1-5-18
2025-10-18 22:14:52,4672,Privilege escalation,Special privileges assigned to: S-1-5-21-2401135814-473904507-350754394-1001
2025-10-18 22:14:52,4672,Privilege escalation,Special privileges assigned to: S-1-5-90-0-3
2025-10-18 22:14:52,4672,Privilege escalation,Special privileges assigned to: S-1-5-90-0-2
2025-10-18 22:13:31,4672,Privilege escalation,Special privileges assigned to: S-1-5-18
2025-10-18 22:13:31,4672,Privilege escalation,Special privileges assigned to: S-1-5-21-2401135814-473904507-350754394-1001
2025-10-18 22:13:31,4672,Privilege escalation,Special privileges assigned to: S-1-5-90-0-3
2025-10-18 22:13:31,4672,Privilege escalation,Special privileges assigned to: S-1-5-90-0-2
2025-10-18 22:13:26,4625,Failed logins,>5 failures in 5 minutes (count=8)
2025-10-18 22:12:19,4672,Privilege escalation,Special privileges assigned to: S-1-5-18
2025-10-18 22:12:19,4672,Privilege escalation,Special privileges assigned to: S-1-5-21-2401135814-473904507-350754394-1001
2025-10-18 22:12:19,4672,Privilege escalation,Special privileges assigned to: S-1-5-90-0-3
2025-10-18 22:12:19,4672,Privilege escalation,Special privileges assigned to: S-1-5-90-0-2
2025-10-18 22:12:14,4625,Failed logins,>5 failures in 5 minutes (count=8)
2025-10-18 22:08:03,4672,Privilege escalation,Special privileges assigned to: S-1-5-18
2025-10-18 22:06:51,4672,Privilege escalation,Special privileges assigned to: S-1-5-18
